editionID,conferenceID
b5fa5476-a905-4790-9577-9cdfa6af8dd1,509eb2ed-f25a-466e-912f-c2ff733a88cb
56687deb-4d7a-4d3f-8084-376769d74122,509eb2ed-f25a-466e-912f-c2ff733a88cb
a6624bde-f981-4a67-9f0a-87544e87e7e0,509eb2ed-f25a-466e-912f-c2ff733a88cb
c6e8bffd-6d5b-4d14-b494-f26ab66edb4f,509eb2ed-f25a-466e-912f-c2ff733a88cb
5e89a1b0-bac1-4f1c-815f-15036db8693f,509eb2ed-f25a-466e-912f-c2ff733a88cb
4f7cfb78-2d0a-4cd5-be9b-baae23ac79d1,509eb2ed-f25a-466e-912f-c2ff733a88cb
13c6fd0f-8f6d-4be8-ad6c-e15ac278d92e,509eb2ed-f25a-466e-912f-c2ff733a88cb
7e65a712-c53d-4bd9-97b4-34bdcf510715,509eb2ed-f25a-466e-912f-c2ff733a88cb
0df9a12d-7108-4573-b3c3-ecd8a2fac83c,509eb2ed-f25a-466e-912f-c2ff733a88cb
54e76ea4-fc61-4710-9354-9caba28e0851,5c71b526-1598-4434-a92b-e43d3f77ceb4
cf46696f-e54a-4047-87d9-b6955e8561cf,5c71b526-1598-4434-a92b-e43d3f77ceb4
ae2085cc-f11c-4935-a2ca-fc9c022ae8fe,5c71b526-1598-4434-a92b-e43d3f77ceb4
5a94d2e8-6046-47ff-8fd6-11958f9da918,5c71b526-1598-4434-a92b-e43d3f77ceb4
4e707396-a04c-4b4a-b203-ceb3837d09db,5c71b526-1598-4434-a92b-e43d3f77ceb4
b6147c4a-ea19-4010-ba74-bc6baf4299ab,5c71b526-1598-4434-a92b-e43d3f77ceb4
68b72c89-bfb8-490a-a3b2-8d4d1059648a,5c71b526-1598-4434-a92b-e43d3f77ceb4
7680ef32-be1e-4768-a52b-0c71fb9d7559,5c71b526-1598-4434-a92b-e43d3f77ceb4
f41110cf-73fe-481e-8b38-9460d69b4c2b,b832024e-ad6e-4123-8ff0-21595ef6bd85
c2861aef-d627-47cf-8240-3b378eba966d,b832024e-ad6e-4123-8ff0-21595ef6bd85
ccf54076-7b8e-44b0-b991-23db0d516ddc,b832024e-ad6e-4123-8ff0-21595ef6bd85
88a3642e-f13a-400b-ae34-9a5155643cc4,b832024e-ad6e-4123-8ff0-21595ef6bd85
ae3f112b-f0bd-4ea0-9575-fe61541e4c84,b832024e-ad6e-4123-8ff0-21595ef6bd85
c0f3888a-d2a8-48f6-8e6b-2e05e44686bd,b832024e-ad6e-4123-8ff0-21595ef6bd85
f9f775a4-d7aa-4f18-a2ec-e531a46cbe56,b832024e-ad6e-4123-8ff0-21595ef6bd85
e0174da6-f527-41fe-a312-9cf81df89a5b,c982de0b-7111-4ed2-8bb4-4c0e0a66b171
42902a3f-f3fa-4675-9b61-9f978392bbc7,c982de0b-7111-4ed2-8bb4-4c0e0a66b171
eccb991b-8702-45bc-b37b-2930ec2f3b9a,c982de0b-7111-4ed2-8bb4-4c0e0a66b171
0501b842-8480-4d89-a143-dd05223e6050,c982de0b-7111-4ed2-8bb4-4c0e0a66b171
d73bc945-c683-46f8-ace3-3e968b5401cb,c982de0b-7111-4ed2-8bb4-4c0e0a66b171
6c3e7413-499f-4297-9edc-8696ce8dbda2,c982de0b-7111-4ed2-8bb4-4c0e0a66b171
83c076c4-e14e-499e-800a-71ed023c665d,c982de0b-7111-4ed2-8bb4-4c0e0a66b171
bf713b35-d9ff-48a6-aec9-b1c9f262f4b2,8a6faaef-eb92-4dcb-8f9b-065388aee977
b8e82ecc-fca6-40ac-8215-b390878eb218,8a6faaef-eb92-4dcb-8f9b-065388aee977
a108baa7-2c27-4606-9a26-e3c0b977ca60,8a6faaef-eb92-4dcb-8f9b-065388aee977
bdf4d036-c72a-401e-ad33-8ad56796fe9e,8a6faaef-eb92-4dcb-8f9b-065388aee977
e4721c9f-dd8e-4157-9b36-5392fc56ab16,8a6faaef-eb92-4dcb-8f9b-065388aee977
915d3c2a-756c-4c3d-93d9-2aae69c69743,8a6faaef-eb92-4dcb-8f9b-065388aee977
542a45dd-3cbb-4c59-a259-5efcad0a9f73,8a6faaef-eb92-4dcb-8f9b-065388aee977
4025461b-38db-4ac8-98c3-182f73216fcd,8a6faaef-eb92-4dcb-8f9b-065388aee977
6a5b7404-5fd2-43e6-beb6-67ab955b07dc,8a6faaef-eb92-4dcb-8f9b-065388aee977
208a9762-cf04-4f44-aa74-ccd59859963b,3656c155-e0de-49f0-b438-aa75162345df
e54e2efb-53a9-486c-bd93-f9fd5bc59235,3656c155-e0de-49f0-b438-aa75162345df
2ce30c9d-97d5-48f6-9bd1-383ba146dd9a,3656c155-e0de-49f0-b438-aa75162345df
7ae023d9-ebcc-4727-8ce5-861f6cc86d75,3656c155-e0de-49f0-b438-aa75162345df
80baa809-ad01-4c03-a17a-c57eacae5c1b,7039bd1c-5d23-4c62-8094-08a3cf534e4a
690be6d4-4d80-44d8-b5c6-cc9cc67411d7,7039bd1c-5d23-4c62-8094-08a3cf534e4a
0ca28365-2fac-4899-80df-8ec299310a38,7039bd1c-5d23-4c62-8094-08a3cf534e4a
a5146b0a-e63e-4a28-868a-51b8214015a8,7039bd1c-5d23-4c62-8094-08a3cf534e4a
135d13ec-0d20-49b7-8b8f-59eda198e0c4,7039bd1c-5d23-4c62-8094-08a3cf534e4a
6791e017-818d-4f15-b69a-305c6002806c,7039bd1c-5d23-4c62-8094-08a3cf534e4a
e25239cc-9573-426a-8ed1-514ee10a0ece,7039bd1c-5d23-4c62-8094-08a3cf534e4a
c625bf82-ee21-4524-a7a7-296b5bd0353c,1a42084f-2520-4553-b3e3-ecc21580fb36
43267c9a-8ca3-480d-80e8-426598daeb21,1a42084f-2520-4553-b3e3-ecc21580fb36
2a8a67d7-54f2-4b58-b0eb-3a970dee3d2b,1a42084f-2520-4553-b3e3-ecc21580fb36
61dc53ed-256a-46cc-817b-96d34819e0db,1a42084f-2520-4553-b3e3-ecc21580fb36
46d923fb-ec41-49bf-8b6e-2837c7c877bc,1a42084f-2520-4553-b3e3-ecc21580fb36
b6396850-ef47-4ea4-ac01-49d535139167,1a42084f-2520-4553-b3e3-ecc21580fb36
c0af2197-b675-42b6-8938-8c4d441b37ce,1a42084f-2520-4553-b3e3-ecc21580fb36
f393d80f-a695-4ab6-9daf-c37ad28973f3,98d5a930-8884-44eb-8182-92f9b4db4d13
c8fddc6b-4350-4532-bc68-ba452215a6b1,98d5a930-8884-44eb-8182-92f9b4db4d13
e6b022d5-07bb-4206-a915-f9a7701008fc,98d5a930-8884-44eb-8182-92f9b4db4d13
485fe009-9e09-4a7c-80de-5f76a8ec0491,92d173c4-1b82-4dc1-b5c6-04812c9531c0
92bb6237-00e2-49fb-ae10-c48dd0775d78,92d173c4-1b82-4dc1-b5c6-04812c9531c0
4d584792-413b-4c3e-b8da-43a837cddc4c,92d173c4-1b82-4dc1-b5c6-04812c9531c0
7861fd55-a0a8-4ce2-bf0f-3c601a18f494,92d173c4-1b82-4dc1-b5c6-04812c9531c0
365bacb2-b712-45fe-8750-f1aebe0c9a82,92d173c4-1b82-4dc1-b5c6-04812c9531c0
2aca6da3-0dcb-4a50-a22f-dbe5f90e6ae5,92d173c4-1b82-4dc1-b5c6-04812c9531c0
8d1dc98b-103c-44ea-b5ff-e497e8153c3b,92d173c4-1b82-4dc1-b5c6-04812c9531c0
b21fdcca-4afc-45b8-a65a-e63d59c0d66b,92d173c4-1b82-4dc1-b5c6-04812c9531c0
93bd3391-dfa1-4d64-9be5-e0849721036d,cce4d150-8211-4378-a9ef-a234ec19414c
dbd0ec6f-f14f-4116-abba-b869d0bd3630,cce4d150-8211-4378-a9ef-a234ec19414c
ba04e823-22b9-40aa-b1c8-cf2f9b6b6e91,cce4d150-8211-4378-a9ef-a234ec19414c
7dc2441b-bc82-494b-a113-831f7df7a4d2,cce4d150-8211-4378-a9ef-a234ec19414c
24be5b4e-37b0-4167-89e6-3d887f075df2,cce4d150-8211-4378-a9ef-a234ec19414c
e4c053d8-1dc3-48cb-a052-b213258ef0c5,cce4d150-8211-4378-a9ef-a234ec19414c
4e4ed37c-a868-4fd5-8d5e-ec05c700d71c,cce4d150-8211-4378-a9ef-a234ec19414c
5cc6eded-9a07-4240-95b7-39c27b58814c,cce4d150-8211-4378-a9ef-a234ec19414c
02c49abf-1e0e-462e-9284-00941d95280f,a87210f6-84f9-4317-a00c-3286ce4f3dec
2305cdf6-c372-4626-aabc-08ffe8e7b748,a87210f6-84f9-4317-a00c-3286ce4f3dec
aee7950e-b46e-4055-913d-a99a686fac4d,a87210f6-84f9-4317-a00c-3286ce4f3dec
a40f4c6d-d3be-47cd-9814-7a8c8a38150f,a87210f6-84f9-4317-a00c-3286ce4f3dec
e5f71aa1-d76b-49b2-aeab-e27222c1b305,a87210f6-84f9-4317-a00c-3286ce4f3dec
e6d3b242-b4f0-4fb9-b5ae-872740b4ae8d,a87210f6-84f9-4317-a00c-3286ce4f3dec
b4666316-ca39-49d6-953b-229fa45aaabc,a87210f6-84f9-4317-a00c-3286ce4f3dec
8bd76974-be88-4e23-b590-e6a1e97fec87,a87210f6-84f9-4317-a00c-3286ce4f3dec
cd05e7d3-3b6a-489e-a07e-dc2fb5caf51d,a87210f6-84f9-4317-a00c-3286ce4f3dec
cab9d2ce-6c25-43f5-9cc4-0897de18cf36,08b9ee40-e346-4e61-b6bf-f662f4a1a224
21c373a0-6439-4142-9a5d-21b3e2ee6a91,08b9ee40-e346-4e61-b6bf-f662f4a1a224
daef680e-cccc-46c8-8e1c-fa24319c63a9,08b9ee40-e346-4e61-b6bf-f662f4a1a224
0032814c-1380-404f-bf35-d461d532dc0f,fa2ab1bb-9ba2-4d44-856b-d5e08ae7f5d8
ce78844c-73db-43e9-890f-4c0d36ccb424,fa2ab1bb-9ba2-4d44-856b-d5e08ae7f5d8
37d27b1a-0d30-48c6-a6ce-b414beb430ea,fa2ab1bb-9ba2-4d44-856b-d5e08ae7f5d8
90ca3a54-2fc4-4943-a2f4-4cb59c31f031,fa2ab1bb-9ba2-4d44-856b-d5e08ae7f5d8
a2b8295f-3ef5-4bec-ac04-818c746772a1,09c7f3b6-8e21-427f-8e2e-c057aab16021
a9a65b71-ba1b-4b83-8654-75543c4d07a8,09c7f3b6-8e21-427f-8e2e-c057aab16021
f3e607c3-29d3-42a6-a0b9-5aeed6e1375a,09c7f3b6-8e21-427f-8e2e-c057aab16021
f647002f-a119-48bd-be2f-ecbf54684e4c,09c7f3b6-8e21-427f-8e2e-c057aab16021
9c84218b-33a7-416f-ae01-d2e0bd1012bf,09c7f3b6-8e21-427f-8e2e-c057aab16021
059cfbcd-e0df-4738-a05f-7c70d75ef032,09c7f3b6-8e21-427f-8e2e-c057aab16021
0ab929c4-28a8-4457-811f-11f8b07f84fc,09c7f3b6-8e21-427f-8e2e-c057aab16021
051d598e-eb26-43dd-aced-ca81bb1b0634,09c7f3b6-8e21-427f-8e2e-c057aab16021
6a4bbdb5-0d02-49fd-bed1-e59dc694ca28,09c7f3b6-8e21-427f-8e2e-c057aab16021
bafbeafe-283c-45d1-a95a-223b12f1d96d,052357a7-d8af-4014-9581-ddb0c5287f30
da22f8b4-1755-4240-995a-05a1f99591d3,052357a7-d8af-4014-9581-ddb0c5287f30
d2924708-f008-4c4e-a6ce-6cf6eecfe802,e3ef2d76-c11f-4623-9d64-f1e66949c4c8
b1745275-7adc-4676-afae-105364640a5a,e3ef2d76-c11f-4623-9d64-f1e66949c4c8
57d81840-c7a4-4033-9c49-308c4f24145d,e3ef2d76-c11f-4623-9d64-f1e66949c4c8
3e361b7b-1fec-477c-be60-32618352ba40,e3ef2d76-c11f-4623-9d64-f1e66949c4c8
3d5e1808-0f29-4252-b8e2-23aab66c83ae,e3ef2d76-c11f-4623-9d64-f1e66949c4c8
f3b8ba45-67bd-4f48-9521-8c31bc47bfd5,e3ef2d76-c11f-4623-9d64-f1e66949c4c8
4bf2246e-ed1a-4b13-87e7-fb7d84f6ec1c,e3ef2d76-c11f-4623-9d64-f1e66949c4c8
0438ad6c-5457-42f3-91b6-8a9c42251798,e3ef2d76-c11f-4623-9d64-f1e66949c4c8
0351f0db-ab70-46a5-af67-e46e42408eeb,14d8c1cf-1b6f-4b54-a0d7-1a0292ca8818
7976ad2b-0388-4b09-9366-89b6657e8c31,14d8c1cf-1b6f-4b54-a0d7-1a0292ca8818
08395bc5-196a-41e8-9b9c-8b43de2e7bf1,14d8c1cf-1b6f-4b54-a0d7-1a0292ca8818
0ed40723-ab65-44ae-b045-6ea802f61b62,14d8c1cf-1b6f-4b54-a0d7-1a0292ca8818
60058597-ed1e-420c-8eb6-883d6eec7ab4,fa40037d-4e24-4c44-b242-102dc6f49975
d6f466da-7578-49f2-ad54-88eaef8243f7,fa40037d-4e24-4c44-b242-102dc6f49975
6341fffd-4a8b-4e8d-8ba4-59794caf4ef5,fa40037d-4e24-4c44-b242-102dc6f49975
8aba985d-c552-452a-9257-21878c87dc2f,fa40037d-4e24-4c44-b242-102dc6f49975
fd62c193-8be3-4248-b846-222de3082325,fa40037d-4e24-4c44-b242-102dc6f49975
d52c92a5-d317-44cb-a6ed-a0dfde7b8049,fa40037d-4e24-4c44-b242-102dc6f49975
43d412b7-bfe5-4d86-823a-1d141c33a3c8,9c1df18e-e881-451c-a65c-c025994586a6
34e30409-464a-4054-8561-83c94aab14f5,9c1df18e-e881-451c-a65c-c025994586a6
75f69bc3-aeb6-4344-bd59-7236c777bd57,9c1df18e-e881-451c-a65c-c025994586a6
b637419f-51ef-4f11-b29b-20ce6bbfc0c5,7e0a7d17-f248-4159-b79d-180bbd0192ea
9e54ca1a-b247-4f9d-8526-41cc22cc0fb7,7e0a7d17-f248-4159-b79d-180bbd0192ea
8e73334e-e93a-4e0a-9f0c-6c71dba4122e,7e0a7d17-f248-4159-b79d-180bbd0192ea
f0013676-3721-4e05-8043-163304ef3de8,1054fc67-985d-4e07-9053-0d2a11b737d9
737e34ad-14d0-4486-8d17-65998157b545,1054fc67-985d-4e07-9053-0d2a11b737d9
e8d1cf61-07af-4d43-be98-bc2ce482deb9,4fcf07ac-b526-496d-bdab-d5c205fa4b2f
6f0fe76c-8741-40dc-b442-35830df8f16f,4fcf07ac-b526-496d-bdab-d5c205fa4b2f
4e43048b-eeb2-4800-930a-6bec71b3f988,4fcf07ac-b526-496d-bdab-d5c205fa4b2f
499b0158-e853-4fb0-a221-2b04ccb79b4a,4fcf07ac-b526-496d-bdab-d5c205fa4b2f
9167efd0-e30e-47c6-869c-492c9945f530,9fc18e01-5d89-46e2-b07c-7ccafee581d0
1ab947bc-941a-48cb-bd29-91296033c5a4,aa9e4cde-6486-4feb-81c8-0116b80e1ed8
cfd3ece1-cac2-4499-ad2b-9105a2738c71,aa9e4cde-6486-4feb-81c8-0116b80e1ed8
4f7891e1-7e43-4844-bdfa-d8567c263f86,ca969e90-7ef2-4abe-b784-06c878323626
5dc3274d-ecb7-4d11-9a53-a738b0109607,ca969e90-7ef2-4abe-b784-06c878323626
9f1e0468-5836-4700-9bee-3214862723cd,ca969e90-7ef2-4abe-b784-06c878323626
1abad806-f5e5-464f-94e7-fb7106328151,ca969e90-7ef2-4abe-b784-06c878323626
b8a84599-694b-4b95-9803-424df602216f,ca969e90-7ef2-4abe-b784-06c878323626
28afc103-47b2-4fc8-917e-97a5cea2231c,ca969e90-7ef2-4abe-b784-06c878323626
a481780e-f6aa-46a7-a744-b178e2c102b6,ca969e90-7ef2-4abe-b784-06c878323626
25fba02e-c1df-46f7-8eef-30bf0977a919,ca969e90-7ef2-4abe-b784-06c878323626
1f9fe42e-e7c7-4c50-abbe-d42fd70bfc26,ca969e90-7ef2-4abe-b784-06c878323626
dfb7b75c-31bc-42d8-a8d8-d0de26425590,d847bb7d-6931-4971-9cd1-00926b48a046
f1109fab-a3ca-4e19-b4bd-5f256b13f961,d847bb7d-6931-4971-9cd1-00926b48a046
bdfebcf7-a628-4fcd-95f4-a2eb85924a8c,d847bb7d-6931-4971-9cd1-00926b48a046
ce101bcc-e349-4498-bf62-f234e82a2ef4,d847bb7d-6931-4971-9cd1-00926b48a046
a9b6f8ca-8143-4607-9254-6c191ca8a63b,d847bb7d-6931-4971-9cd1-00926b48a046
73c53d29-1029-4516-afe5-f2880c85c7b5,d847bb7d-6931-4971-9cd1-00926b48a046
225c3d62-54cc-404d-bdec-8500b663becf,aba0bc6c-236a-4dc0-8a43-c204c07832e9
05ad6734-62e1-433f-ba4e-cdeebfc42f0a,aba0bc6c-236a-4dc0-8a43-c204c07832e9
311f0358-c829-4328-9308-f71cd726b1d7,aba0bc6c-236a-4dc0-8a43-c204c07832e9
60eed629-43cb-4ca1-9dd2-dc7e80e06e29,68352aa5-eb25-45da-8e71-db5584f32413
f84ffc6f-7356-41d2-a8b3-24bbfb8a0d87,68352aa5-eb25-45da-8e71-db5584f32413
eb83ae16-8174-4b14-9191-762b4ce4f929,68352aa5-eb25-45da-8e71-db5584f32413
7941545b-47ed-4cb4-aea4-4a1743ea4816,68352aa5-eb25-45da-8e71-db5584f32413
f62421c2-f729-40cf-8166-cca3610fefe1,68352aa5-eb25-45da-8e71-db5584f32413
3c9a45eb-4490-4767-927e-aad278639183,68352aa5-eb25-45da-8e71-db5584f32413
4d5303dd-3115-4370-9803-981b6525193f,54751dfa-f46b-4d01-a484-2aa4048ecbcc
5a621a7b-56bf-4ce2-aa6f-7fe0a767e467,54751dfa-f46b-4d01-a484-2aa4048ecbcc
2b63f79e-a3c7-445c-985c-aca5ee4859ff,54751dfa-f46b-4d01-a484-2aa4048ecbcc
78323df2-8dcd-4cf7-843f-cb4a6bfdab22,54751dfa-f46b-4d01-a484-2aa4048ecbcc
84bb9013-5c00-4137-880c-b67a31fa438a,54751dfa-f46b-4d01-a484-2aa4048ecbcc
f3934d43-8b87-4379-ac00-23bd9216e7cb,54751dfa-f46b-4d01-a484-2aa4048ecbcc
169c58cc-126a-4f70-bff5-5f43af526892,54751dfa-f46b-4d01-a484-2aa4048ecbcc
560bbb98-dbd5-4771-a4e0-201c5cfec150,54751dfa-f46b-4d01-a484-2aa4048ecbcc
bbd925a6-b920-48b4-9884-4114a0484c71,dac431f2-a90d-4d4b-9b0e-bf529e415b0d
8c36b9d4-0118-474c-88b4-9c7792ac0d7d,dac431f2-a90d-4d4b-9b0e-bf529e415b0d
384245d1-6e87-4efd-b0e6-410d323142f1,917cc4de-aa9a-4194-b564-f89333a8db95
2cbd4dcc-e0e3-4082-996c-e80b4992b7c7,917cc4de-aa9a-4194-b564-f89333a8db95
92feda22-a9fe-4f6f-9f5d-bc2b36bebe78,917cc4de-aa9a-4194-b564-f89333a8db95
380c92e2-84ea-4717-8528-66f9b848b9bc,917cc4de-aa9a-4194-b564-f89333a8db95
1b4edfa9-d2e6-4151-818f-1918cf465513,917cc4de-aa9a-4194-b564-f89333a8db95
24fd1196-54d9-4ca4-ba1d-5f19c8d82b93,48d9275a-fdc4-45eb-bd75-8e7604184fcb
4af5311e-158e-4320-acb3-da39785fc038,48d9275a-fdc4-45eb-bd75-8e7604184fcb
0cfd3d40-8b84-45c4-aa4b-3b3b322c43ab,48d9275a-fdc4-45eb-bd75-8e7604184fcb
b19ab0b2-c985-4495-b5df-069b2eba6b15,48d9275a-fdc4-45eb-bd75-8e7604184fcb
e947a0f9-40ff-4fba-b30d-39cbcd34a850,48d9275a-fdc4-45eb-bd75-8e7604184fcb
77c0a4cb-c7b5-48f0-8812-c0d162ef6017,48d9275a-fdc4-45eb-bd75-8e7604184fcb
d69d9ec6-9c20-42e7-a839-b32830c47ad5,17f5c76b-9082-4140-9040-1c565a8bce21
b9618a42-ffd2-4eab-94f7-7ddd3a4c27e9,17f5c76b-9082-4140-9040-1c565a8bce21
c4d88a1f-3420-4c02-8e91-e4f6b2d43b3b,17f5c76b-9082-4140-9040-1c565a8bce21
f2015aea-6a56-4fbb-8ba4-c95a0cf67d28,17f5c76b-9082-4140-9040-1c565a8bce21
9c83c6fb-3ffb-49da-b5f8-7ec82fe9a711,17f5c76b-9082-4140-9040-1c565a8bce21
67ca6555-b54b-45a4-88ef-6bc5695d4a44,17f5c76b-9082-4140-9040-1c565a8bce21
b8a7b7d0-adec-401d-a1d0-bcf154ee091e,17f5c76b-9082-4140-9040-1c565a8bce21
e209354f-958b-4d45-a7cf-359356d6f1bd,17f5c76b-9082-4140-9040-1c565a8bce21
dbc6e8b8-0d8b-4734-8915-004f7cb1f52a,17f5c76b-9082-4140-9040-1c565a8bce21
533430d1-01ef-4db5-9904-dfa148a0a7d4,2d8506d0-2f32-49f8-9a6c-a46afc4c2403
4ee1d28f-2c97-4d90-8719-1bd7276e745e,2d8506d0-2f32-49f8-9a6c-a46afc4c2403
88fe4d19-06b6-4d3a-99ad-126ecb1d121c,2d8506d0-2f32-49f8-9a6c-a46afc4c2403
dbff5484-72fa-4af6-984f-02c83b92728e,2d8506d0-2f32-49f8-9a6c-a46afc4c2403
8fd02dc4-ebcb-4388-976d-606982bf8d68,2d8506d0-2f32-49f8-9a6c-a46afc4c2403
9bc2fe2f-b2a4-46b8-9c3d-21206bae762f,2d8506d0-2f32-49f8-9a6c-a46afc4c2403
35dd3b94-0b24-4dbf-a5e2-128ad3fa96af,2d8506d0-2f32-49f8-9a6c-a46afc4c2403
feeb5ad5-0683-4e45-8f6f-92ae52a3a1c8,2d8506d0-2f32-49f8-9a6c-a46afc4c2403
05e38f5b-7c61-4453-9ba8-aaf70767c785,2d8506d0-2f32-49f8-9a6c-a46afc4c2403
cb59a963-0bf9-42de-aa8c-cccc70507b40,f79f7e4f-a3ad-42a1-a350-eeb8af6d3079
cba8dd3b-c295-4e5f-811b-76c3bc4b0ceb,f79f7e4f-a3ad-42a1-a350-eeb8af6d3079
a6302f38-2224-4cf4-b92f-b2de3f9645c0,f79f7e4f-a3ad-42a1-a350-eeb8af6d3079
42ab46c0-0e5e-4585-9e98-ca988845bdf6,f79f7e4f-a3ad-42a1-a350-eeb8af6d3079
af872083-2206-4434-a4ef-38f8d295e618,4a4a08cb-84cf-4c26-ba67-b2c79c48b9ed
e2777674-3913-4eb9-a0ef-0c08aea9dcc1,4a4a08cb-84cf-4c26-ba67-b2c79c48b9ed
e21bd19b-fe8c-4fab-80cb-aa1313b1f5fb,4a4a08cb-84cf-4c26-ba67-b2c79c48b9ed
34f96a96-3ea6-40de-be8f-3184c7c24a62,4824c0e1-d5cf-458e-9da2-46bfeba07d68
5b0f0dcc-4e0b-4296-bc60-5ebc22e6f130,4824c0e1-d5cf-458e-9da2-46bfeba07d68
a4e3ca62-83cb-4880-8993-691dfb380ae4,4824c0e1-d5cf-458e-9da2-46bfeba07d68
bfa30f5e-1f41-44bf-9b7e-5bed80710867,4824c0e1-d5cf-458e-9da2-46bfeba07d68
867dd0fe-3033-40b2-9105-37d6fb1f36ae,4824c0e1-d5cf-458e-9da2-46bfeba07d68
9a09b491-e133-4b0f-8392-1b448b6a3676,4824c0e1-d5cf-458e-9da2-46bfeba07d68
68de109f-dc80-4591-8ccf-422c6bbf5196,4824c0e1-d5cf-458e-9da2-46bfeba07d68
1b601ca9-816b-4e85-b189-c1ab4eca7ade,4824c0e1-d5cf-458e-9da2-46bfeba07d68
20af811a-02c3-494b-8a5f-a8de9bbf66a3,d4aec99e-d36b-4c3d-8f99-c2374260131b
5b3b96a6-bbe2-44e2-8a26-74b7f3b6a3b7,8e0a6567-db09-4afa-8ec2-90f58d5cc695
959cb4a9-9178-4908-838f-7764d997298c,8e0a6567-db09-4afa-8ec2-90f58d5cc695
2fdefc12-358c-40f2-9ee4-a9f8c8642073,8e0a6567-db09-4afa-8ec2-90f58d5cc695
496d1c14-3dd3-4568-b537-8e1dd7dc8686,8e0a6567-db09-4afa-8ec2-90f58d5cc695
e4e9d7bf-ba04-4db2-8888-be12158d958a,8e0a6567-db09-4afa-8ec2-90f58d5cc695
c61b6eb5-f614-40a4-a727-1e218410f66f,47335c4e-3625-4597-9e0f-6cc1812afa3b
38c5cfb6-00a3-43e6-a3e1-37d33e6ee546,47335c4e-3625-4597-9e0f-6cc1812afa3b
6cc2bae2-9b28-4644-b2d0-b8bf2c7f9449,513b7832-98bf-4f66-b4b6-181edc9647ee
f6deb6f8-a7c5-43c8-ac91-d03098e2e77a,513b7832-98bf-4f66-b4b6-181edc9647ee
0eedb753-f1da-4299-9ef6-0c0d2cd1f1c9,513b7832-98bf-4f66-b4b6-181edc9647ee
12db620d-6bf8-4bac-8aa2-588c0bd12492,513b7832-98bf-4f66-b4b6-181edc9647ee
e5898b9f-7026-44dc-a4c9-87faf0d134a5,513b7832-98bf-4f66-b4b6-181edc9647ee
3bc98311-37b5-4663-9614-ce8260e2f75e,367e9fe3-7f40-437f-b6d5-ceddc21b33c5
2872c3be-b36a-43bc-9109-b3add245a20d,367e9fe3-7f40-437f-b6d5-ceddc21b33c5
f2071a1e-6349-4b2f-9e86-3db73386e9cd,367e9fe3-7f40-437f-b6d5-ceddc21b33c5
d747144c-c9eb-41b1-a900-1a7cf1f104be,367e9fe3-7f40-437f-b6d5-ceddc21b33c5
23d74571-8d5c-4b33-b93c-95fc002f0cfd,367e9fe3-7f40-437f-b6d5-ceddc21b33c5
f2a80529-d3e4-4351-8f7a-357ac5f6330a,367e9fe3-7f40-437f-b6d5-ceddc21b33c5
1e892877-1eea-4dff-bdf0-9f8f80a7b80a,367e9fe3-7f40-437f-b6d5-ceddc21b33c5
1aa53eff-5391-431c-b193-cd4295c835aa,367e9fe3-7f40-437f-b6d5-ceddc21b33c5
38bc2176-b0da-43f5-bd91-c204538fb1fd,367e9fe3-7f40-437f-b6d5-ceddc21b33c5
76477445-2c84-4013-beb5-bf410a194c61,b2907896-4aaa-4d46-a4bb-8cff1d939243
0756d2e6-c456-4e63-9211-160eb02072f0,b2907896-4aaa-4d46-a4bb-8cff1d939243
6ed91555-0ca0-4491-8b1f-7e82eaf83aa6,b2907896-4aaa-4d46-a4bb-8cff1d939243
61f98984-fa7a-4504-bbb0-362470274388,3ad06da2-9dec-47f0-8d75-44149453c3a4
bae17d4e-056f-4fb1-8caa-bc86775cfd4c,3ad06da2-9dec-47f0-8d75-44149453c3a4
d7d23579-ea33-40c7-8775-d16b6c27d4a0,3ad06da2-9dec-47f0-8d75-44149453c3a4
b5c6c8aa-2d06-441a-b9ea-793cf440b4d0,3ad06da2-9dec-47f0-8d75-44149453c3a4
3169e37a-44f3-4605-9ed0-bd6d611d83c7,3ad06da2-9dec-47f0-8d75-44149453c3a4
73f285d1-6ce2-4944-a172-7aa892e8f5a9,3ad06da2-9dec-47f0-8d75-44149453c3a4
d1c69dd1-17c6-4293-95cc-db60099df8c2,795c40d0-0ed3-45a7-87c0-59efa03a53fa
b5abc4df-06ed-45b0-baf5-23eb180b3d28,795c40d0-0ed3-45a7-87c0-59efa03a53fa
53ded006-f3b8-436b-9d88-a3746856cd7e,79fe141b-f33f-4557-ad8d-2bec1d56fc09
3b9fc567-fc8a-49cb-9c0c-6966b37ad757,79fe141b-f33f-4557-ad8d-2bec1d56fc09
94891d35-599d-4967-8044-751d3bde76c7,c7da0a3b-7465-4d65-b728-1536a5034239
c0c997e3-653d-44bc-b5b1-3ace773a5573,c7da0a3b-7465-4d65-b728-1536a5034239
17058c73-16b5-4485-b096-47b16bf635bd,c7da0a3b-7465-4d65-b728-1536a5034239
a86542c4-6329-43e1-92cf-70acb085ee55,c7da0a3b-7465-4d65-b728-1536a5034239
d3f68404-406c-4260-9c86-56ccd318cf21,5414a701-03d5-4ec9-a652-bcca79578c7b
726f5548-0c1d-4206-a7ca-234405cefc86,5414a701-03d5-4ec9-a652-bcca79578c7b
dc0ff178-1c3a-41ec-a9ed-9fa715e8c0c6,5414a701-03d5-4ec9-a652-bcca79578c7b
12d0f103-dfbd-459a-869d-59210256c94d,5414a701-03d5-4ec9-a652-bcca79578c7b
15aec41b-2fa0-441e-a518-3f84f7ad777c,5414a701-03d5-4ec9-a652-bcca79578c7b
443ca1c7-631a-4122-af81-92980ce2e468,5414a701-03d5-4ec9-a652-bcca79578c7b
2a5dabd6-f148-4477-b4fb-d8c1e9938805,5414a701-03d5-4ec9-a652-bcca79578c7b
5a487f53-ad7d-4e5c-a326-d96c51873e9b,5414a701-03d5-4ec9-a652-bcca79578c7b
46197919-718b-43f6-a217-a3b1f4540b81,5414a701-03d5-4ec9-a652-bcca79578c7b
dd10ea34-c6bd-4406-bc73-c8c9c0864718,9e327eb2-d6a4-4b59-9345-d9c171528ecc
626daf8c-f4b2-4c97-a605-b287dc4d3cb9,9e327eb2-d6a4-4b59-9345-d9c171528ecc
0f6d40b9-6236-4b4b-a74a-ee3a70a8e6ac,9e327eb2-d6a4-4b59-9345-d9c171528ecc
7ca763c3-d9db-4f0f-bad1-103f84194a7b,e9162c89-27bf-4154-9363-cd4752983680
56ed2a40-2e11-41c2-950d-64556c764e2c,e9162c89-27bf-4154-9363-cd4752983680
870bf3c6-40b9-425a-ad0d-befdb6b45623,e9162c89-27bf-4154-9363-cd4752983680
9f210b14-c5e1-44d1-a481-66d7533f3e2b,e9162c89-27bf-4154-9363-cd4752983680
d842fb21-b3c3-47fc-8d63-4356e3408ea8,e9162c89-27bf-4154-9363-cd4752983680
789c1116-3048-4d67-941d-a78fb67db3c1,e9162c89-27bf-4154-9363-cd4752983680
e299080c-9ebc-4bc7-ae90-e1a70460c321,e9162c89-27bf-4154-9363-cd4752983680
